Intercepto;Pendiente
0.84594196;0.15314374
0.85657697;0.1417512
0.86499582;0.13341694
0.82611133;0.17261547