"","temp_min_range","temp_max_range","irr_range","vapor_range","wind_range","precip_range","dias_lluvia_range"
"1",19.3645161290323,27.91,15.27336,29.8167638111894,-99,0,0
"2",24.15,35.5714285714286,18.95292,42.134738260383,-99,1337,31
"3",21.175,30.7516129032258,16.78806,33.5017907363926,-99,442.15,20.0407894736842
"4",20.4510532524435,29.5071227154461,16.4055399765189,30.0340827087146,-99,139.159278234854,29.1223684210526
